{
  "avgCpu": 284.6435546875,
  "avgMemory": 2.78774561606587,
  "avgThroughput": 1489,
  "component": "full",
  "componentTiming": {
    "droolsMs": 0,
    "flinkMs": 0,
    "gatewayMs": 0,
    "kafkaMs": 0
  },
  "cpuTimeline": [
    149.64599609375,
    149.64599609375,
    149.64599609375,
    149.64599609375,
    149.64599609375,
    185.7177734375,
    185.7177734375,
    185.7177734375,
    185.7177734375,
    185.7177734375,
    262.939453125,
    262.939453125,
    262.939453125,
    262.939453125,
    262.939453125,
    301.953125,
    301.953125,
    301.953125,
    301.953125,
    301.953125,
    357.861328125,
    357.861328125,
    357.861328125,
    357.861328125,
    357.861328125,
    381.26220703125,
    381.26220703125,
    381.26220703125,
    381.26220703125,
    381.26220703125,
    398.779296875,
    398.779296875,
    398.779296875
  ],
  "description": "Complete pipeline: HTTP → Kafka → Flink → Drools",
  "durationMs": 35031,
  "endTime": "2025-12-24T06:21:24.433188259Z",
  "errorMessage": "",
  "failedOperations": 0,
  "latency": {
    "avg": 4,
    "max": 156,
    "min": 0,
    "p50": 3,
    "p95": 15,
    "p99": 26
  },
  "memoryTimeline": [
    1.2281531402249148,
    1.2281531402249148,
    1.2281531402249148,
    1.4029459563562294,
    2.3616756127412337,
    1.2100970348123345,
    2.4589003515772814,
    3.4798615395000314,
    1.5953402706881465,
    3.209871047681083,
    1.4784919746468215,
    3.5239657528104504,
    2.468810480851097,
    2.7757627331284294,
    3.1683482026717016,
    2.891040882838121,
    3.2085645812310797,
    3.591874292952983,
    2.72316032894685,
    1.1330528528731236,
    1.0085774719053513,
    4.002378446423081,
    1.2202727686384491,
    4.551497381462459,
    3.50228048838472,
    5.928004906709211,
    0.9979971723046481,
    3.5125801710019076,
    6.463159586177945,
    3.7567947033555913,
    3.2154472035428228,
    4.8832832744455965,
    2.5871084388401866
  ],
  "name": "Full End-to-End",
  "peakCpu": 398.779296875,
  "peakMemory": 6.463159586177945,
  "peakThroughput": 3187,
  "sampleEvents": [
    {
      "componentTiming": {
        "droolsMs": 0,
        "flinkMs": 0,
        "gatewayMs": 0,
        "kafkaMs": 0
      },
      "error": "",
      "id": "full_3_1766557277421",
      "latencyMs": 4,
      "otelTraceId": "7ee021203cff07da71ba888fd6d3cdad",
      "status": "success",
      "timestamp": 1766557277425,
      "traceData": {
        "empty": true,
        "logs": [],
        "trace": {
          "empty": true,
          "processes": {},
          "spans": [],
          "traceId": ""
        }
      },
      "traceId": "000e8cb2e8f0fb8b0000000000000002"
    },
    {
      "componentTiming": {
        "droolsMs": 0,
        "flinkMs": 0,
        "gatewayMs": 0,
        "kafkaMs": 0
      },
      "error": "",
      "id": "full_5_1766557277424",
      "latencyMs": 1,
      "otelTraceId": "7a4fd17399aa4da71f9ffaca3a1db4c5",
      "status": "success",
      "timestamp": 1766557277425,
      "traceData": {
        "empty": true,
        "logs": [],
        "trace": {
          "empty": true,
          "processes": {},
          "spans": [],
          "traceId": ""
        }
      },
      "traceId": "000e8cb2e8f1fb8b0000000000000000"
    }
  ],
  "startTime": "2025-12-24T06:20:49.402349432Z",
  "status": "completed",
  "success": true,
  "successfulOperations": 52169,
  "throughputStability": 0.5631780673390718,
  "throughputTimeline": [
    0,
    0,
    0,
    0,
    605,
    682,
    2131,
    846,
    572,
    578,
    843,
    838,
    824,
    823,
    800,
    808,
    882,
    878,
    951,
    952,
    1410,
    1411,
    1321,
    1317,
    1021,
    1025,
    1120,
    1129,
    1100,
    1086,
    1823,
    1821,
    1688,
    1693,
    1887,
    1886,
    1529,
    1525,
    1568,
    1572,
    1611,
    1611,
    2601,
    2599,
    2932,
    2936,
    3187,
    3181,
    2481,
    2483,
    2536,
    2539,
    2755,
    2750,
    2862,
    2863,
    2844,
    2851,
    2957,
    2955
  ],
  "totalOperations": 52169,
  "traceTimingData": {
    "POST": {
      "avgMs": 24.83216666666667,
      "count": 12,
      "isThroughput": false,
      "maxMs": 43.066,
      "minMs": 10.205,
      "p50Ms": 24.152,
      "p99Ms": 43.066
    },
    "RuleController.evaluate": {
      "avgMs": 2.8817199999999996,
      "count": 25,
      "isThroughput": false,
      "maxMs": 11.385,
      "minMs": 0.073,
      "p50Ms": 1.862,
      "p99Ms": 11.385
    },
    "async.drools.enrich": {
      "avgMs": 25.58725,
      "count": 12,
      "isThroughput": false,
      "maxMs": 43.092,
      "minMs": 11.304,
      "p50Ms": 24.285,
      "p99Ms": 43.092
    },
    "counter-alerts process": {
      "avgMs": 0.01664864864864865,
      "count": 37,
      "isThroughput": false,
      "maxMs": 0.35,
      "minMs": 0.001,
      "p50Ms": 0.002,
      "p99Ms": 0.35
    },
    "counter-alerts publish": {
      "avgMs": 6.784054054054054,
      "count": 37,
      "isThroughput": false,
      "maxMs": 24.768,
      "minMs": 0.813,
      "p50Ms": 2.513,
      "p99Ms": 24.768
    },
    "counter-events process": {
      "avgMs": 0.0555,
      "count": 2,
      "isThroughput": false,
      "maxMs": 0.075,
      "minMs": 0.036,
      "p50Ms": 0.075,
      "p99Ms": 0.075
    },
    "counter-results publish": {
      "avgMs": 4.022,
      "count": 1,
      "isThroughput": false,
      "maxMs": 4.022,
      "minMs": 4.022,
      "p50Ms": 4.022,
      "p99Ms": 4.022
    },
    "kafka.receive": {
      "avgMs": 0.010864864864864866,
      "count": 37,
      "isThroughput": false,
      "maxMs": 0.32,
      "minMs": 0,
      "p50Ms": 0,
      "p99Ms": 0.32
    },
    "websocket.broadcast": {
      "avgMs": 0.0005675675675675675,
      "count": 37,
      "isThroughput": false,
      "maxMs": 0.006,
      "minMs": 0,
      "p50Ms": 0,
      "p99Ms": 0.006
    }
  }
}