{
  "avgCpu": 140.37058996775792,
  "avgMemory": 16.027759718623443,
  "avgThroughput": 4247,
  "component": "full",
  "componentTiming": {
    "droolsMs": 0,
    "flinkMs": 0,
    "gatewayMs": 0,
    "kafkaMs": 0
  },
  "cpuTimeline": [
    87.8173828125,
    87.8173828125,
    87.8173828125,
    87.8173828125,
    87.8173828125,
    106.8115234375,
    106.8115234375,
    106.8115234375,
    106.8115234375,
    106.8115234375,
    122.2900390625,
    122.2900390625,
    122.2900390625,
    122.2900390625,
    122.2900390625,
    134.521484375,
    134.521484375,
    134.521484375,
    134.521484375,
    134.521484375,
    145.7763671875,
    145.7763671875,
    145.7763671875,
    145.7763671875,
    145.7763671875,
    156.1279296875,
    156.1279296875,
    156.1279296875,
    156.1279296875,
    156.1279296875,
    151.62353515625,
    151.62353515625,
    151.62353515625,
    151.62353515625,
    151.62353515625,
    143.4814453125,
    143.4814453125,
    143.4814453125,
    143.4814453125,
    143.4814453125,
    158.02001953125,
    158.02001953125,
    158.02001953125,
    158.02001953125,
    158.02001953125,
    153.369140625,
    153.369140625,
    153.369140625,
    153.369140625,
    157.1044921875,
    157.1044921875,
    157.1044921875,
    157.1044921875,
    157.1044921875,
    152.52685546875,
    152.52685546875,
    152.52685546875,
    152.52685546875,
    152.52685546875,
    162.34130859375,
    162.34130859375,
    162.34130859375,
    162.34130859375
  ],
  "description": "Complete pipeline: HTTP → Kafka → Flink → Drools",
  "durationMs": 65020,
  "endTime": "2025-12-24T04:56:18.819323007Z",
  "errorMessage": "",
  "failedOperations": 0,
  "latency": {
    "avg": 1,
    "max": 186,
    "min": 0,
    "p50": 1,
    "p95": 3,
    "p99": 11
  },
  "memoryTimeline": [
    1.2300420120193065,
    1.2300420120193065,
    1.2300420120193065,
    1.4038274555225545,
    1.1496404345653852,
    1.8486869804313035,
    2.8112070832315053,
    1.6445129117378672,
    2.4251431677825037,
    2.8171493114544575,
    3.5413282069139838,
    8.586381975745578,
    2.234672369317017,
    6.1152445680558625,
    5.274331701992739,
    4.173458187900085,
    4.654878371899833,
    5.674734028990406,
    2.433990878847124,
    11.251906501777718,
    18.51452732182415,
    36.53172590176826,
    13.492198139579456,
    14.020350482220847,
    54.77158077790446,
    25.335022804113976,
    12.583913716490406,
    24.03684013666948,
    14.870893245508404,
    19.11723178282275,
    51.78007670536291,
    21.876675618284285,
    12.78201390948714,
    36.09391336604637,
    2.904751466814613,
    11.278495827067632,
    24.795304730489445,
    37.347620743675506,
    40.99624048689179,
    21.19477788807766,
    25.649878524025805,
    24.158272228375694,
    1.8743678611655288,
    8.06963061227808,
    12.433361742498898,
    30.152050060653302,
    22.062834384583322,
    17.44034745017166,
    4.654579278077897,
    12.12044878516019,
    32.08081488893203,
    4.110990306804207,
    56.369241046616814,
    27.492427729694203,
    13.013646099810403,
    10.917446471367306,
    26.283734549667713,
    17.075185458186176,
    2.8260124198844285,
    26.450028789993734,
    23.915816845013325,
    13.890077223330286,
    30.65229429366249
  ],
  "name": "Full End-to-End",
  "peakCpu": 162.34130859375,
  "peakMemory": 56.369241046616814,
  "peakThroughput": 13342,
  "sampleEvents": [
    {
      "componentTiming": {
        "droolsMs": 0,
        "flinkMs": 0,
        "gatewayMs": 0,
        "kafkaMs": 0
      },
      "error": "",
      "id": "full_0_1766552171811",
      "latencyMs": 3,
      "otelTraceId": "bdcee8da8e3b6ca6942df6f80cc14123",
      "status": "success",
      "timestamp": 1766552171818,
      "traceData": {
        "empty": true,
        "logs": [],
        "trace": {
          "empty": true,
          "processes": {},
          "spans": [],
          "traceId": ""
        }
      },
      "traceId": "000e8c650126118a000000000000000c"
    },
    {
      "componentTiming": {
        "droolsMs": 0,
        "flinkMs": 0,
        "gatewayMs": 0,
        "kafkaMs": 0
      },
      "error": "",
      "id": "full_4_1766552171815",
      "latencyMs": 0,
      "otelTraceId": "f00c2d9494371a94276eda74f1a738fd",
      "status": "success",
      "timestamp": 1766552171840,
      "traceData": {
        "empty": true,
        "logs": [],
        "trace": {
          "empty": true,
          "processes": {},
          "spans": [],
          "traceId": ""
        }
      },
      "traceId": "000e8c650127118a0000000000000006"
    }
  ],
  "startTime": "2025-12-24T04:55:13.799585500Z",
  "status": "completed",
  "success": true,
  "successfulOperations": 276152,
  "throughputStability": 0.6442926757058532,
  "throughputTimeline": [
    0,
    0,
    0,
    0,
    1211,
    2572,
    7380,
    3602,
    3142,
    3160,
    4942,
    4967,
    5909,
    5925,
    6826,
    6823,
    8646,
    8659,
    9490,
    9466,
    8063,
    8069,
    10956,
    10978,
    12690,
    12704,
    12682,
    12634,
    10200,
    10224,
    10375,
    10375,
    13342,
    13309,
    7994,
    7977,
    4525,
    4521,
    4085,
    4092,
    4162,
    4177,
    3707,
    3694,
    4104,
    4125,
    3884,
    3906,
    3826,
    3836,
    3271,
    3333,
    3608,
    3810,
    4321,
    4147,
    3711,
    3687,
    4194,
    4415,
    4315,
    4107,
    3574,
    3601,
    3497,
    3525,
    3499,
    3711,
    4296,
    4299,
    3855,
    3855,
    2930,
    2925,
    2524,
    2535,
    3461,
    3455,
    3266,
    3406,
    3606,
    3555,
    3262,
    3305,
    3691,
    3714,
    3303,
    3273,
    3128,
    3141,
    2989,
    3099,
    3357,
    3351,
    3128,
    3148,
    836,
    777,
    1928,
    2136,
    1879,
    1880,
    3350,
    3359,
    3412,
    3402,
    3085,
    3086,
    3473,
    3477,
    3145,
    3161,
    2774,
    2794,
    3227,
    3228,
    2669,
    2670,
    2765,
    2766
  ],
  "totalOperations": 276152,
  "traceTimingData": {
    "CounterController.submit": {
      "avgMs": 0.07244444444444444,
      "count": 18,
      "isThroughput": true,
      "maxMs": 0.191,
      "minMs": 0.037,
      "p50Ms": 0.053,
      "p99Ms": 0.191
    },
    "GET /health": {
      "avgMs": 0.632,
      "count": 1,
      "isThroughput": false,
      "maxMs": 0.632,
      "minMs": 0.632,
      "p50Ms": 0.632,
      "p99Ms": 0.632
    },
    "HealthController.health": {
      "avgMs": 0.319,
      "count": 1,
      "isThroughput": false,
      "maxMs": 0.319,
      "minMs": 0.319,
      "p50Ms": 0.319,
      "p99Ms": 0.319
    },
    "counter-events publish": {
      "avgMs": 0.10955555555555556,
      "count": 18,
      "isThroughput": true,
      "maxMs": 0.375,
      "minMs": 0.026,
      "p50Ms": 0.07,
      "p99Ms": 0.375
    },
    "kafka.publish.fast": {
      "avgMs": 0.01345,
      "count": 20,
      "isThroughput": true,
      "maxMs": 0.068,
      "minMs": 0.004,
      "p50Ms": 0.008,
      "p99Ms": 0.068
    }
  }
}